{
  "startYear": 2026,
  "horizonYears": 20,
  "annualKm": 2500,
  "currentAge": 47,
  "drivingYearsRemaining": 25,
  "cycleHorizonYears": 25,
  "discountRate": 0.02,
  "inflationRate": 0,
  "currentVehicle": {
    "name": "トヨタ ノア HEV Welcab",
    "purchaseYear": 2022,
    "ageAtStart": 4,
    "nextInspectionYear": 2027,
    "appraisal": 3014000,
    "loanBalance": 1491000,
    "loanMonthly": 27800,
    "loanEndYear": 2027,
    "loanFinal": 1304600
  },
  "newVehicle": {
    "estimateTotal": 4276000,
    "tradeIn": 3014000,
    "loanMonthly": 43047.333333333336,
    "bonusPerPayment": 0,
    "bonusPaymentsPerYear": 0,
    "loanYears": 5,
    "loanFinal": 1599000,
    "interestRate": 0.061
  },
  "annualCosts": {
    "autoTax": 0,
    "insurance": 80000,
    "fuel": 30000,
    "maintenance": 30000,
    "inspection": 160000,
    "inspectionCycleYears": 2,
    "welcabExtraRepair": 15000
  },
  "repairExpected": {
    "through5Years": 10000,
    "years6to10": 35000,
    "years11to15": 70000,
    "after16Years": 120000
  },
  "depreciation": {
    "currentVehicleRetentionByYearsFromStart": {
      "0": 1,
      "1": 0.82,
      "2": 0.6724,
      "3": 0.551368,
      "4": 0.452122,
      "5": 0.37074,
      "6": 0.304007,
      "7": 0.249285,
      "8": 0.204414,
      "9": 0.16762,
      "10": 0.137448,
      "11": 0.112707,
      "12": 0.09242,
      "13": 0.075784,
      "14": 0.062143,
      "15": 0.050957,
      "16": 0.041785,
      "17": 0.034264,
      "18": 0.028096,
      "19": 0.023039,
      "20": 0.018892
    },
    "newVehicleRetentionByAge": {
      "1": 1,
      "2": 0.78,
      "3": 0.6084,
      "4": 0.474552,
      "5": 0.370151,
      "6": 0.288717,
      "7": 0.2252,
      "8": 0.175656,
      "9": 0.137011,
      "10": 0.106869,
      "11": 0.083358,
      "12": 0.065019,
      "13": 0.050715,
      "14": 0.039558,
      "15": 0.030855,
      "16": 0.03,
      "17": 0.03,
      "18": 0.03,
      "19": 0.03,
      "20": 0.03
    },
    "minimumValueRate": 0.03
  },
  "scenarios": [
    {
      "id": "before_inspection_5",
      "name": "5年目車検前",
      "replacementBeforeInspectionYear": 5
    },
    {
      "id": "before_inspection_7",
      "name": "7年目車検前",
      "replacementBeforeInspectionYear": 7
    },
    {
      "id": "before_inspection_9",
      "name": "9年目車検前",
      "replacementBeforeInspectionYear": 9
    },
    {
      "id": "before_inspection_11",
      "name": "11年目車検前",
      "replacementBeforeInspectionYear": 11
    },
    {
      "id": "before_inspection_13",
      "name": "13年目車検前",
      "replacementBeforeInspectionYear": 13
    },
    {
      "id": "replace_before_15th_inspection",
      "name": "15年目車検前",
      "replacementBeforeInspectionYear": 15
    }
  ]
}
